Target,Primer,Sequence,Size,Reference
Trypanosomes,,,,
18S primary SSU,SLF,GCTTGTTTCAAGGACTTAGC,~1.5 kb,1
18S primary SSU,S762R,GACTTTTGCTTCCTCTAATG,,2
18S secondary SSU2,S823F,CGAACAACTGCCCTATCAGC,~904 bp,2
18S secondary SSU2,662R,GACTACAATGGTCTCTAATC,,2
18S secondary SSU1,S825F,ACCGTTTCGGCTTTTGTTGG,~959 bp,2
18S secondary SSU1,SLIR,ACATTGTAGTGCGCGTGTC,,1
GAPDH Primer,GAPDHF,CTYMTCGGNAMKGAGATYGAY,~ 900 bp,1
GAPDH Primer,GAPDHR,GRTKSGARTADCCCCACTCG,,1
GAPDH Secondary,GAPDHF,CTYMTCGGNAMKGAGATYGAY,~ 880 bp,1
GAPDH Secondary,Ga4,GTTYTGCAGSGTCGCCTTGG,,1
Piroplasms,,,,
18S primary,BT1F,GGCTCATTACAACAGTTATAG,~ 900 bp,3
18S primary,BT1R,CCCAAAGACTTTGATTTCTCTC,,3
18S secondary,BT2F,CCGTGCTAATTGTAGGGCTAAT,~ 800 bp,3
18S secondary,BT2R,GGACTACGACGGTATCTGATCG,,3
Hepatozoon,,,,
18S,HepF300,GTTTCTGACCTATCAGCTTTCGACG,~600 bp,4
18S,Hep900,CAAATCTAAGAATTTCACCTCTGAC,,4
Haemosporidia,,,,
Cytb primary,HaemNF,CATATATTAAGAGAATTATGGAG,~580 bp,5
Cytb primary,HaemNR2,AGAGGTGTAGCATATCTATCTAC,,5
Cytb secondary,HaemF,ATGGTGCTTCGATATATGCATG,~520 bp,6
Cytb secondary,HaemR2,GCATTATCTGGATGTGATAATGGT,,6